Workbook
Name flower: Sheet6!$D$4:$D$6
Name fruits: Sheet6!$C$4:$C$8

Sheet c1
E11: Sub 1 | F11: Sub2 | G11: Sub3
D12: Amit | E12: 85 | F12: 78 | G12: 96
D13: Sumit | E13: 36 | F13: 7 | G13: 58
D14: Binit | E14: 90 | F14: 95 | G14: 68
D15: Nohit | E15: 78 | F15: 70 | G15: 74

Sheet c2
D13: Sub 1 | E13: Sub2 | F13: Sub3
C14: Amit | D14: 85 | E14: 78 | F14: 96
C15: Sumit | D15: 36 | E15: 7 | F15: 58
C16: Binit | D16: 85 | E16: 95 | F16: 68
C17: Nohit | D17: 78 | E17: 69 | F17: 74

Sheet c3
I9: Sub 1 | J9: Sub2 | K9: Sub3
H10: Amit | I10: 85 | J10: 78 | K10: 96
H11: Sumit | I11: 36 | J11: 7 | K11: 58
H12: Binit | I12: 85 | J12: 95 | K12: 68
H13: Nohit | I13: 78 | J13: 69 | K13: 74

Sheet Res
B2: =SUM('c1:c3'!B2) -> 0 | C2: =SUM('c1:c3'!C2) -> 0 | E2: =SUM('c1:c3'!D2) -> 0
B3: =SUM('c1:c3'!B3) -> 0 | C3: =SUM('c1:c3'!C3) -> 0 | E3: =SUM('c1:c3'!D3) -> 0
B4: =SUM('c1:c3'!B4) -> 0 | C4: =SUM('c1:c3'!C4) -> 0 | E4: =SUM('c1:c3'!D4) -> 0
B5: =SUM('c1:c3'!B5) -> 0 | C5: =SUM('c1:c3'!C5) -> 0 | E5: =SUM('c1:c3'!D5) -> 0
E10: Sub 1 | F10: Sub2 | G10: Sub3
D11: Class Work_21.08.26 | E11: ='c1'!$E$12 -> 85 | F11: ='c1'!$F$12 -> 78 | G11: ='c1'!$G$12 -> 96
D12: Class Work_21.08.26 | E12: ='c2'!$D$14 -> 85 | F12: ='c2'!$E$14 -> 78 | G12: ='c2'!$F$14 -> 96
D13: Class Work_21.08.26 | E13: ='c3'!$I$10 -> 85 | F13: ='c3'!$J$10 -> 78 | G13: ='c3'!$K$10 -> 96
C14: Amit | E14: =SUM(E11:E13) -> 255 | F14: =SUM(F11:F13) -> 234 | G14: =SUM(G11:G13) -> 288
D15: Class Work_21.08.26 | E15: ='c1'!$E$13 -> 36 | F15: ='c1'!$F$13 -> 7 | G15: ='c1'!$G$13 -> 58
D16: Class Work_21.08.26 | E16: ='c2'!$D$15 -> 36 | F16: ='c2'!$E$15 -> 7 | G16: ='c2'!$F$15 -> 58
D17: Class Work_21.08.26 | E17: ='c3'!$I$11 -> 36 | F17: ='c3'!$J$11 -> 7 | G17: ='c3'!$K$11 -> 58
C18: Sumit | E18: =SUM(E15:E17) -> 108 | F18: =SUM(F15:F17) -> 21 | G18: =SUM(G15:G17) -> 174
D19: Class Work_21.08.26 | E19: ='c1'!$E$14 -> 90 | F19: ='c1'!$F$14 -> 95 | G19: ='c1'!$G$14 -> 68
D20: Class Work_21.08.26 | E20: ='c2'!$D$16 -> 85 | F20: ='c2'!$E$16 -> 95 | G20: ='c2'!$F$16 -> 68
D21: Class Work_21.08.26 | E21: ='c3'!$I$12 -> 85 | F21: ='c3'!$J$12 -> 95 | G21: ='c3'!$K$12 -> 68
C22: Binit | E22: =SUM(E19:E21) -> 260 | F22: =SUM(F19:F21) -> 285 | G22: =SUM(G19:G21) -> 204
D23: Class Work_21.08.26 | E23: ='c1'!$E$15 -> 78 | F23: ='c1'!$F$15 -> 70 | G23: ='c1'!$G$15 -> 74
D24: Class Work_21.08.26 | E24: ='c2'!$D$17 -> 78 | F24: ='c2'!$E$17 -> 69 | G24: ='c2'!$F$17 -> 74
D25: Class Work_21.08.26 | E25: ='c3'!$I$13 -> 78 | F25: ='c3'!$J$13 -> 69 | G25: ='c3'!$K$13 -> 74
C26: Nohit | E26: =SUM(E23:E25) -> 234 | F26: =SUM(F23:F25) -> 208 | G26: =SUM(G23:G25) -> 222

Sheet Sheet5
B1: WHOLE NUMBER | C1: NAME | D1: DATA
B2: 12 | D2: 150
D3: 89
D4: 89
D5: 90
D6: 320
D7: 10
F16: Q- data validation use?

Sheet Sheet6
C3: fruits | D3: flower
C4: mango | D4: rose
C5: apple | D5: mari gold
C6: grapes | D6: hibiscus
C7: orange
C8: banana
C11: Category | D11: Sub-category
C12: flower | D12: banana
A16: q- create from selection?
C20: Q- upper case value fron upper and exact formula using
C22: Name | F22: Roll no
C23: AMIT | E23: =EXACT(UPPER(C23),C23) -> TRUE | F23: 102 | G23: =COUNTIF($F$23:$F$33,F23)=1 -> FALSE
C24: smal | E24: =EXACT(UPPER(C24),C24) -> FALSE | F24: 102 | G24: =COUNTIF($F$23:$F$33,F24)=1 -> FALSE
E25: =EXACT(UPPER(C25),C25) -> TRUE | G25: =COUNTIF($F$23:$F$33,F25)=1 -> FALSE
E26: =EXACT(UPPER(C26),C26) -> TRUE | G26: =COUNTIF($F$23:$F$33,F26)=1 -> FALSE
E27: =EXACT(UPPER(C27),C27) -> TRUE | G27: =COUNTIF($F$23:$F$33,F27)=1 -> FALSE
E28: =EXACT(UPPER(C28),C28) -> TRUE | G28: =COUNTIF($F$23:$F$33,F28)=1 -> FALSE
E29: =EXACT(UPPER(C29),C29) -> TRUE | G29: =COUNTIF($F$23:$F$33,F29)=1 -> FALSE
E30: =EXACT(UPPER(C30),C30) -> TRUE | G30: =COUNTIF($F$23:$F$33,F30)=1 -> FALSE
E31: =EXACT(UPPER(C31),C31) -> TRUE | G31: =COUNTIF($F$23:$F$33,F31)=1 -> FALSE
E32: =EXACT(UPPER(C32),C32) -> TRUE | G32: =COUNTIF($F$23:$F$33,F32)=1 -> FALSE
E33: =EXACT(UPPER(C33),C33) -> TRUE | G33: =COUNTIF($F$23:$F$33,F33)=1 -> FALSE

Sheet Sheet1
B3: A1258 | C3: =LEN(B3)=5 -> TRUE | D3: =ISNUMBER(VALUE(RIGHT(B3,4))) -> TRUE | E3: =NOT(ISNUMBER(VALUE(LEFT(B3,1)))) -> TRUE
G6: sahachandni05@gmail.com | H6: =SEARCH("@",G6) -> 14
G9: sahachandni05@gmail.com | H9: =IFERROR(" ",G9)
