Workbook
Name Flowers: 'Dpendent Drop Down'!$B$2:$B$4
Name Fruits: 'Dpendent Drop Down'!$A$2:$A$6

Sheet c1
A1: Amount
A2: 99
A3: 22
A4: 33
A5: 44

Sheet c2
A1: Amount
A2: 11
A3: 22
A4: 33
A5: 44

Sheet c3
A1: Amount
A2: 11
A3: 22
A4: 33
A5: 44

Sheet res
C3: =SUM('c1:c3'!A2) -> 121

Sheet res1
A1: ='c1'!$A$2 -> 99
A2: ='c2'!$A$2 -> 11
A3: ='c3'!$A$2 -> 11
A4: =SUM(A1:A3) -> 121 | B4: Consolidate Data
A5: ='c1'!$A$3 -> 22
A6: ='c2'!$A$3 -> 22
A7: ='c3'!$A$3 -> 22
A8: =SUM(A5:A7) -> 66
A9: ='c1'!$A$4 -> 33
A10: ='c2'!$A$4 -> 33
A11: ='c3'!$A$4 -> 33
A12: =SUM(A9:A11) -> 99
A13: ='c1'!$A$5 -> 44
A14: ='c2'!$A$5 -> 44
A15: ='c3'!$A$5 -> 44
A16: =SUM(A13:A15) -> 132

Sheet Data Validation
A1: Whole Number | B1: Name
A2: 19 | B2: qw

Sheet Dpendent Drop Down
A1: Fruits | B1: Flowers | D1: Category | E1: Sub-Category
A2: Mango | B2: Rose | D2: Flowers | E2: Lili
A3: Apple | B3: Genda
A4: Grapes | B4: Lili
A5: Oranges
A6: Banana

Sheet Custom Data Validation
A1: Name Should be in Capital Letter
A2: Name
A3: DEBRAJ | B3: =EXACT(UPPER(A3),A3) -> TRUE
A4: OPPPP
A9: Duplicate Error
A10: Roll No
A11: 1 | B11: =COUNTIF($A$11:$A$15,A11)=1 -> FALSE
A12: 1 | B12: =COUNTIF($A$11:$A$15,A12)=1 -> FALSE
A13: 3 | B13: =COUNTIF($A$11:$A$15,A13)=1 -> TRUE
A14: 4 | B14: =COUNTIF($A$11:$A$15,A14)=1 -> TRUE
A15: 5 | B15: =COUNTIF($A$11:$A$15,A15)=1 -> TRUE
A16: Enter Unique Roll Number
A17: Roll No
A18: 1
A23: Phone Number must be 10 digit
A24: 1122 | B24: =AND(ISNUMBER(A24),LEN(A24)=10) -> FALSE
B25: enter number here
A27: EMAIL VERIFICATION
A28: email
A29: sss9090 | C29: =ISNUMBER(VALUE(RIGHT(A29,4))) -> TRUE | D29: =AND(NOT(ISNUMBER(VALUE(LEFT(A29,1)))),LEN(A29)=6,ISNUMBER(VALUE(RIGHT(A29,4)))) -> FALSE
A33: Registration Number Validation
B34: =AND(NOT(LEFT(A34,2)="AN"),LEN(A34)=6,ISNUMBER(VALUE(RIGHT(A34,4)))) -> FALSE
A36: EMAIL VERIFICATION

Sheet Sheet9
